{
    "epochs": [
        0,
        1,
        2,
        3,
        4,
        5,
        6,
        7,
        8,
        9
    ],
    "lossAI-0": [
        1.8256757791305698,
        0.3303035617654407,
        0.24062720097081605,
        0.1956753774091255,
        0.16711479096218598,
        0.14641579678065555,
        0.13072147643800044,
        0.11791500311648083,
        0.1072929154669996,
        0.09827665891498327
    ],
    "lossAI-1": [
        1.7115182478067488,
        0.3268115579388862,
        0.23807255386613135,
        0.19384032323263412,
        0.16560252712563026,
        0.14511440209178036,
        0.12952408142561136,
        0.11678619111000105,
        0.10627703295024328,
        0.09742666131188703
    ],
    "lossAI-2": [
        1.8062208433483922,
        0.3633607346997705,
        0.2720631957054138,
        0.22549528230068294,
        0.19526079297065735,
        0.1732435583375221,
        0.1559618937154842,
        0.14194612295994924,
        0.1302543826574503,
        0.12005259841680527
    ],
    "lossAI-3": [
        1.7364987162656562,
        0.320101662257383,
        0.22838576233317687,
        0.18261134156654046,
        0.15388906608487285,
        0.1337607969464951,
        0.11898394652404064,
        0.10686544268283733,
        0.09684895171762206,
        0.08862244190518247
    ],
    "lossAI-4": [
        1.603127732353155,
        0.3096858279476332,
        0.2243855742867603,
        0.1815435254816399,
        0.15443459733627563,
        0.1351567766260962,
        0.12054578665384026,
        0.10892768178221791,
        0.09927698677449032,
        0.09129298263944166
    ],
    "lossAI-5": [
        1.6508988270232843,
        0.33918365680201107,
        0.24902949490865997,
        0.20251980943735257,
        0.17252342788459257,
        0.15050073535463146,
        0.13361886360271033,
        0.12020341047020845,
        0.10942552728188593,
        0.10007252942684085
    ],
    "lossAI-6": [
        1.7422760234669197,
        0.33878057848575505,
        0.24941547916725623,
        0.20329848330381306,
        0.17348882534302945,
        0.15184117498439412,
        0.13532873260420422,
        0.12218290160215178,
        0.11121213750177344,
        0.10208067232959492
    ],
    "accuracyAI-0": [
        0.7495366210161254,
        0.8952915668487549,
        0.9120357528675435,
        0.9201752848403398,
        0.9275008703387061,
        0.9319194756275,
        0.9348264516786088,
        0.9379659856474677,
        0.9409892413505289,
        0.9443613339302152
    ],
    "accuracyAI-1": [
        0.7700069428876389,
        0.8982020159100377,
        0.9123880627543427,
        0.9222717825756517,
        0.9279694571051487,
        0.9320964951847874,
        0.9358746970808783,
        0.9394793475783149,
        0.9426188815471738,
        0.9456421379433122
    ],
    "accuracyAI-2": [
        0.7548316580265068,
        0.8870982285155806,
        0.9009927074576534,
        0.9089586935764136,
        0.9161679994228275,
        0.9212252733319305,
        0.9255275982756948,
        0.9296546384345653,
        0.933026731707329,
        0.9359337077584378
    ],
    "accuracyAI-3": [
        0.7622735126073971,
        0.8976796255555264,
        0.9127368996309679,
        0.9220374878062758,
        0.9299427298612373,
        0.9354078485522159,
        0.9388962173184683,
        0.9429087160631667,
        0.9463970889878828,
        0.9489552281623663
    ],
    "accuracyAI-4": [
        0.779017701051956,
        0.9005866043789442,
        0.9140159674855166,
        0.9244810855665873,
        0.9319802148397579,
        0.9358174232549445,
        0.9383755645086599,
        0.9415150984775188,
        0.9443057962628298,
        0.9467476585576701
    ],
    "accuracyAI-5": [
        0.7724488006774769,
        0.8916921234408091,
        0.9089014252950979,
        0.9166921231635782,
        0.9236098597216051,
        0.9271555036999458,
        0.9304113166276798,
        0.9336671309415684,
        0.9370392235212548,
        0.9394810837368632
    ],
    "accuracyAI-6": [
        0.7616331140662349,
        0.8968656721503235,
        0.9112825435261394,
        0.91936306897984,
        0.9237816728824793,
        0.9295956270639286,
        0.9330839986024901,
        0.9363398108371469,
        0.9404095771700837,
        0.9421537643255189
    ],
    "majority": [
        1.0,
        1.0,
        1.0,
        1.0,
        1.0,
        1.0,
        1.0,
        1.0,
        1.0,
        1.0
    ]
}